{"cameraMode":{"drawMode":0,"name":"Shaded","section":"Shading Mode"},"sceneLighting":true,"audioPlay":false,"sceneViewState":{"m_AlwaysRefresh":false,"showFog":true,"showSkybox":true,"showFlares":true,"showImageEffects":true,"showParticleSystems":true,"showVisualEffectGraphs":true,"m_FxEnabled":true},"in2DMode":false,"pivot":{"x":-0.8536891937255859,"y":4.106398105621338,"z":-1.2226083278656006},"rotation":{"x":-0.20673194527626038,"y":0.07242134213447571,"z":-0.015360056422650814,"w":-0.975622296333313},"size":10.770533561706543,"orthographic":false}